Year,Help,Easy,Grade,Overall
2000,2.19,2.56,2.05,2.266666667
2001,2.86,2.27,2.91,2.68
2002,2.03,2.77,2.82,2.54
2003,2.5,2.15,2.04,2.23
2004,2.62,2.65,2.43,2.566666667
2005,2.63,2.58,2.22,2.476666667
2006,2.41,2.9,2.66,2.656666667
2007,2.69,2.77,2.07,2.51
2008,2.58,2.72,2.13,2.476666667
2009,2.6,2.09,2.63,2.44
2010,2.93,2.7,2.49,2.706666667
2011,2.96,2.88,2.48,2.773333333
2012,2.18,2.56,2.02,2.253333333
2013,2.69,2.3,2.81,2.6
